{
  "generatedAt": "2026-06-11T20:31:25.782Z",
  "project": "overleaf-main.zip",
  "zipPath": "c:\\Users\\Testing Company\\Downloads\\overleaf-main.zip",
  "status": "ok",
  "healthCheck": {
    "cacheWorking": true,
    "manifestWorking": true,
    "fastPreviewWorking": true,
    "largestBottleneck": "latex",
    "timeoutCause": "none"
  },
  "projectMetrics": {
    "zipReadMs": 103.90839999999997,
    "zipSizeMb": 49.557,
    "mode": "pdf-preview",
    "importMs": 101765.1029,
    "importZipReadMs": 344.9741000000504,
    "zipExtractMs": 403.18739999999525,
    "zipClassifyMs": 91.34740000002785,
    "mainTexDetectionMs": 123.3306000000448,
    "assetHashMs": 550.2355000000098,
    "writeFilesMs": 100608.40580000001,
    "importManifestSaveMs": 63.97389999998268,
    "manifestSaveMs": 63.97389999998268,
    "usedPersistedProject": true,
    "importRequestBytes": 51964708,
    "importRequestRoundTripMs": 102111.4275,
    "fileCount": 6530,
    "assetCount": 6398,
    "texCount": 115
  },
  "runs": [
    {
      "label": "Importacao ZIP persistente",
      "scenario": "import_project_zip",
      "mode": "pdf-preview",
      "success": true,
      "cacheHit": false,
      "metrics": {
        "mode": "pdf-preview",
        "cacheHit": false,
        "zipReadMs": 103.90839999999997,
        "zipExtractMs": 403.18739999999525,
        "zipClassifyMs": 91.34740000002785,
        "mainTexDetectionMs": 123.3306000000448,
        "assetHashMs": 550.2355000000098,
        "writeFilesMs": 100608.40580000001,
        "manifestSaveMs": 63.97389999998268,
        "totalMs": 101765.1029,
        "requestRoundTripMs": 102111.4275,
        "requestSizeMb": 49.557,
        "importMs": 101765.1029,
        "importRequestBytes": 51964708,
        "importRequestRoundTripMs": 102111.4275,
        "usedPersistedProject": true,
        "fastPreview": false
      },
      "bottlenecks": {
        "zip_read": 0,
        "zip_extract": 0,
        "zip_classify": 0,
        "main_tex_detection": 0,
        "asset_hash": 1,
        "manifest_save": 0,
        "write_files": 99,
        "other": 0
      },
      "timeline": {
        "zip_read": 103.90839999999997,
        "zip_extract": 403.18739999999525,
        "zip_classify": 91.34740000002785,
        "main_tex_detection": 123.3306000000448,
        "asset_hash": 550.2355000000098,
        "request_round_trip": 102111.4275,
        "manifest_save": 63.97389999998268,
        "write_files": 100608.40580000001
      },
      "warnings": ["WARNING: write_files consumes 99% of measured pipeline time."],
      "diagnostics": ["ZIP importado no backend Vite via application/octet-stream; resposta contem apenas metadados."]
    },
    {
      "label": "Preview rapido",
      "scenario": "first_compile",
      "mode": "pdf-preview",
      "success": true,
      "cacheHit": false,
      "metrics": {
        "syncMs": 0,
        "assetSyncMs": 0,
        "writeFilesMs": 155.4948999999906,
        "manifestLoadMs": 26.345000000030268,
        "manifestSaveMs": 17.32600000000093,
        "latexMs": 7134.650100000028,
        "totalMs": 7710.494000000006,
        "pdfReadMs": 0.6352000000188127,
        "pdfSizeMb": 0.03,
        "cacheHit": false,
        "filesWritten": 0,
        "filesSkipped": 6513,
        "filesRemoved": 0,
        "assetsPayloadCount": 0,
        "manifestLoaded": true,
        "usedPersistedProject": true,
        "fastPreview": true,
        "mode": "pdf-preview",
        "requestSerializeMs": 0.01870000000053551,
        "requestRoundTripMs": 8501.902100000007,
        "requestSizeMb": 0,
        "compileRequestBytes": 314
      },
      "bottlenecks": {
        "manifest_load": 0,
        "manifest_save": 0,
        "write_files": 2,
        "latex": 93,
        "pdf_read": 0,
        "other": 5
      },
      "timeline": {
        "request_serialize": 0.01870000000053551,
        "request_round_trip": 8501.902100000007,
        "manifest_load": 26.345000000030268,
        "manifest_save": 17.32600000000093,
        "write_files": 155.4948999999906,
        "latex": 7134.650100000028,
        "pdf_read": 0.6352000000188127
      },
      "warnings": ["WARNING: latex consumes 93% of measured pipeline time."],
      "diagnostics": [
        "Projeto persistente: C:\\Users\\TESTIN~1\\AppData\\Local\\Temp\\editortex-preview-cache\\projects\\benchmark-d7cb7d4959a4-18980",
        "Sync de arquivos: escritos=0, pulados=6513, removidos=0.",
        "Tempo sync projeto: 0.0ms.",
        "Cache de compilacao: C:\\Users\\TESTIN~1\\AppData\\Local\\Temp\\editortex-preview-cache\\projects\\benchmark-d7cb7d4959a4-18980",
        "Preview rapido otimizado: compilador direto, cache de auxiliares persistente e flag \\fastpreviewtrue.",
        "Tempo escrita temporarios: 166.9ms.",
        "Passada 1/2:",
        "Toolchain LaTeX embutido: runtime nao encontrado nos caminhos conhecidos."
      ]
    },
    {
      "label": "Preview rapido 2a vez",
      "scenario": "cache_hit",
      "mode": "pdf-preview",
      "success": true,
      "cacheHit": true,
      "metrics": {
        "totalMs": 17.115999999979977,
        "pdfReadMs": 0.6184999999823049,
        "pdfSizeMb": 0.03,
        "cacheHit": true,
        "syncMs": 0,
        "writeFilesMs": 0,
        "latexMs": 0,
        "assetSyncMs": 0,
        "manifestLoadMs": 11.632000000041444,
        "manifestSaveMs": 0,
        "manifestLoaded": true,
        "assetsPayloadCount": 0,
        "usedPersistedProject": true,
        "fastPreview": true,
        "mode": "pdf-preview",
        "requestSerializeMs": 0.19280000000435393,
        "requestRoundTripMs": 24.426500000001397,
        "requestSizeMb": 0,
        "compileRequestBytes": 314
      },
      "bottlenecks": {
        "manifest_load": 68,
        "pdf_read": 4,
        "other": 28
      },
      "timeline": {
        "request_serialize": 0.19280000000435393,
        "request_round_trip": 24.426500000001397,
        "manifest_load": 11.632000000041444,
        "pdf_read": 0.6184999999823049
      },
      "warnings": ["WARNING: manifest_load consumes 68% of measured pipeline time."],
      "diagnostics": [
        "Cache de compilacao: C:\\Users\\TESTIN~1\\AppData\\Local\\Temp\\editortex-preview-cache\\projects\\benchmark-d7cb7d4959a4-18980",
        "PDF reutilizado do cache em memoria; TEX efetivo nao mudou.",
        "Tempo total backend preview: 17.1ms."
      ]
    },
    {
      "label": "Preview final",
      "scenario": "first_compile",
      "mode": "pdf-final",
      "success": true,
      "cacheHit": false,
      "metrics": {
        "syncMs": 0,
        "assetSyncMs": 0,
        "writeFilesMs": 4.687899999960791,
        "manifestLoadMs": 15.139399999985471,
        "manifestSaveMs": 16.939300000027288,
        "latexMs": 7441.137599999958,
        "totalMs": 7486.275400000042,
        "pdfReadMs": 0.833600000012666,
        "pdfSizeMb": 0.03,
        "cacheHit": false,
        "filesWritten": 0,
        "filesSkipped": 6514,
        "filesRemoved": 0,
        "assetsPayloadCount": 0,
        "manifestLoaded": true,
        "usedPersistedProject": true,
        "fastPreview": false,
        "mode": "pdf-final",
        "requestSerializeMs": 0.009200000000419095,
        "requestRoundTripMs": 8142.745800000004,
        "requestSizeMb": 0,
        "compileRequestBytes": 310
      },
      "bottlenecks": {
        "manifest_load": 0,
        "manifest_save": 0,
        "write_files": 0,
        "latex": 99,
        "pdf_read": 0,
        "other": 0
      },
      "timeline": {
        "request_serialize": 0.009200000000419095,
        "request_round_trip": 8142.745800000004,
        "manifest_load": 15.139399999985471,
        "manifest_save": 16.939300000027288,
        "write_files": 4.687899999960791,
        "latex": 7441.137599999958,
        "pdf_read": 0.833600000012666
      },
      "warnings": ["WARNING: latex consumes 99% of measured pipeline time."],